cert,domain,name,release,url,verification
CSA,1 Platform Overview & Navigation,Next Experience UI / navigation,Australia,https://www.servicenow.com/docs/r/australia/platform-user-interface/next-experience-ui.html,verified: live page + ServiceNowDocs australia branch
CSA,3 Collaboration,Visual Task Boards,Australia,https://www.servicenow.com/docs/r/australia/platform-user-interface/visual-task-boards/c_VisualTaskBoards.html,verified: live page + ServiceNowDocs australia branch
CSA,3 Collaboration,Email and SMS notifications,Australia,https://www.servicenow.com/docs/r/australia/platform-administration/c_EmailNotifications.html,verified: live page + ServiceNowDocs australia branch
CSA,3 Collaboration,Platform Analytics,Australia,https://www.servicenow.com/docs/r/australia/now-intelligence/c_performanceAnalyticsAndReporting.html,verified: live page + ServiceNowDocs australia branch
CSA,4 Self Service & Automation,Knowledge Management,Australia,https://www.servicenow.com/docs/r/australia/servicenow-platform/knowledge-management/knowledge-management.html,verified: live page + ServiceNowDocs australia branch
CSA,4 Self Service & Automation,Service Catalog,Australia,https://www.servicenow.com/docs/r/australia/servicenow-platform/service-catalog/exploring-service-catalog.html,verified: ServiceNowDocs australia branch
CSA,4 Self Service & Automation,Workflow Studio,Australia,https://www.servicenow.com/docs/r/australia/build-workflows/workflow-studio/workflow-studio.html,verified: live page + ServiceNowDocs australia branch
CSA,5 Database Mgmt & Platform Security,Access Control Lists,Australia,https://www.servicenow.com/docs/r/australia/platform-security/access-control/exploring-access-control-list.html,verified: live page + ServiceNowDocs australia branch
CSA,5 Database Mgmt & Platform Security,Import sets,Australia,https://www.servicenow.com/docs/r/australia/integrate-applications/system-import-sets/import-sets-landing-page.html,verified: live page + ServiceNowDocs australia branch
CSA,5 Database Mgmt & Platform Security,CMDB,Australia,https://www.servicenow.com/docs/r/australia/servicenow-platform/configuration-management-database-cmdb/c_ITILConfigurationManagement.html,verified: live page + ServiceNowDocs australia branch
CSA,5 Database Mgmt & Platform Security,CSDM,Australia,https://www.servicenow.com/docs/r/australia/servicenow-platform/common-service-data-model-csdm/csdm-landing-page.html,verified: live page + ServiceNowDocs australia branch
CSA,5 Database Mgmt & Platform Security,Security Center,Australia,https://www.servicenow.com/docs/r/australia/platform-security/security-center/sec-center-landing.html,verified: ServiceNowDocs australia branch
CSA,6 Data Migration & Integration,Classic business rules,Australia,https://www.servicenow.com/docs/r/australia/build-workflows/business-rules-classic/c_BusinessRules.html,verified: live page + ServiceNowDocs australia branch
CSA,6 Data Migration & Integration,System update sets,Australia,https://www.servicenow.com/docs/r/australia/application-development/system-update-sets/system-update-sets.html,verified: ServiceNowDocs australia branch
CSA,6 Data Migration & Integration,Client scripts,Australia,https://www.servicenow.com/docs/r/australia/api-reference/scripts/client-scripts.html,verified: ServiceNowDocs australia branch
CAD,1/3 Design; Security,Application scope,Australia,https://www.servicenow.com/docs/r/australia/application-development/c_ApplicationScope.html,verified: live page + ServiceNowDocs australia branch
CAD,2 Application UI,Client scripts,Australia,https://www.servicenow.com/docs/r/australia/api-reference/scripts/client-scripts.html,verified: ServiceNowDocs australia branch
CAD,3 Security,Access Control Lists,Australia,https://www.servicenow.com/docs/r/australia/platform-security/access-control/exploring-access-control-list.html,verified: live page + ServiceNowDocs australia branch
CAD,4 Automation,Flow Designer,Australia,https://www.servicenow.com/docs/r/australia/application-development/flow-designer.html,verified: live page + ServiceNowDocs australia branch
CAD,4 Automation,Script includes,Australia,https://www.servicenow.com/docs/r/australia/api-reference/scripts/c_ScriptIncludes.html,verified: live page + ServiceNowDocs australia branch
CAD,5 External Data,Import sets,Australia,https://www.servicenow.com/docs/r/australia/integrate-applications/system-import-sets/import-sets-landing-page.html,verified: live page + ServiceNowDocs australia branch
CAD,5 External Data,Scripted REST APIs,Australia,https://www.servicenow.com/docs/r/australia/api-reference/rest-api-explorer/c_CustomWebServices.html,verified: live page + ServiceNowDocs australia branch
CAD,6 Managing Applications,Delegated development and deployment,Australia,https://www.servicenow.com/docs/r/australia/application-development/delegated-development-and-deployment/c_DelegatedDevelopment.html,verified: live page + ServiceNowDocs australia branch
CAD,(supporting),Automated Test Framework,Australia,https://www.servicenow.com/docs/r/australia/application-development/automated-test-framework-atf/atf-landing-page.html,verified: live page + ServiceNowDocs australia branch
CPOA,4 Technology,Upgrade Management,Australia,https://www.servicenow.com/docs/r/australia/platform-administration/upgrade-management/um-landing-page.html,verified: ServiceNowDocs australia branch
CPOA,4 Technology,Instance Clone,Australia,https://www.servicenow.com/docs/r/australia/platform-administration/system-clone-landing.html,verified: live page + ServiceNowDocs australia branch
CPOA,3/4 Process/Technology,Automated Test Framework,Australia,https://www.servicenow.com/docs/r/australia/application-development/automated-test-framework-atf/atf-landing-page.html,verified: live page + ServiceNowDocs australia branch
CPOA,1 Strategy,Delegated development and deployment,Australia,https://www.servicenow.com/docs/r/australia/application-development/delegated-development-and-deployment/c_DelegatedDevelopment.html,verified: live page + ServiceNowDocs australia branch
CPOA,1/5 Strategy/Data,CMDB,Australia,https://www.servicenow.com/docs/r/australia/servicenow-platform/configuration-management-database-cmdb/c_ITILConfigurationManagement.html,verified: live page + ServiceNowDocs australia branch
CPOA,(recommended course topic),Domain separation,Australia,https://www.servicenow.com/docs/r/australia/platform-security/domain-sep-landing-page.html,verified: live page + ServiceNowDocs australia branch
CPOA,5 Data,Platform Analytics,Australia,https://www.servicenow.com/docs/r/australia/now-intelligence/c_performanceAnalyticsAndReporting.html,verified: live page + ServiceNowDocs australia branch
CIS-ITSM,1,Incident Management,Australia,https://www.servicenow.com/docs/r/australia/it-service-management/incident-management/c_IncidentManagement.html,verified: live page + ServiceNowDocs australia branch
CIS-ITSM,2,Problem Management,Australia,https://www.servicenow.com/docs/r/australia/it-service-management/problem-management/c_ProblemManagement.html,verified: live page + ServiceNowDocs australia branch
CIS-ITSM,3,Change Management,Australia,https://www.servicenow.com/docs/r/australia/it-service-management/change-management/c_ITILChangeManagement.html,verified: live page + ServiceNowDocs australia branch
CIS-ITSM,4,Service Portfolio Management,Australia,https://www.servicenow.com/docs/r/australia/it-service-management/service-portfolio-management/SPM2-landing-page.html,verified: ServiceNowDocs australia branch
CIS-ITSM,5,Service Catalog,Australia,https://www.servicenow.com/docs/r/australia/servicenow-platform/service-catalog/exploring-service-catalog.html,verified: ServiceNowDocs australia branch
CIS-ITSM,6,CMDB,Australia,https://www.servicenow.com/docs/r/australia/servicenow-platform/configuration-management-database-cmdb/c_ITILConfigurationManagement.html,verified: live page + ServiceNowDocs australia branch
CIS-DF,all,CMDB,Australia,https://www.servicenow.com/docs/r/australia/servicenow-platform/configuration-management-database-cmdb/c_ITILConfigurationManagement.html,verified: live page + ServiceNowDocs australia branch
CIS-DF,1 Configuration,CI Class Manager,Australia,https://www.servicenow.com/docs/r/australia/servicenow-platform/configuration-management-database-cmdb/ci-class-manager-landing-page.html,verified: ServiceNowDocs australia branch
CIS-DF,1/2,Identification and Reconciliation Engine (IRE),Australia,https://www.servicenow.com/docs/r/australia/servicenow-platform/configuration-management-database-cmdb/ire.html,verified: live page + ServiceNowDocs australia branch
CIS-DF,3 Govern,CMDB Health KPIs and metrics,Australia,https://www.servicenow.com/docs/r/australia/servicenow-platform/configuration-management-database-cmdb/r_CMDBHealthMetrics.html,verified: live page + ServiceNowDocs australia branch
CIS-DF,3 Govern,CMDB Data Manager / data management,Australia,https://www.servicenow.com/docs/r/australia/servicenow-platform/configuration-management-database-cmdb/cmdb-data-management-landing.html,verified: ServiceNowDocs australia branch
CIS-DF,3 Govern,Duplicate CI remediation,Australia,https://www.servicenow.com/docs/r/australia/servicenow-platform/configuration-management-database-cmdb/de-duplication-tasks.html,verified: live page + ServiceNowDocs australia branch
CIS-DF,3/4,CMDB Workspace,Australia,https://www.servicenow.com/docs/r/australia/servicenow-platform/configuration-management-database-cmdb/cmdb-workspace.html,verified: live page + ServiceNowDocs australia branch
CIS-DF,5 CSDM,CSDM,Australia,https://www.servicenow.com/docs/r/australia/servicenow-platform/common-service-data-model-csdm/csdm-landing-page.html,verified: live page + ServiceNowDocs australia branch
CIS-Discovery,1/2,Discovery,Australia,https://www.servicenow.com/docs/r/australia/it-operations-management/discovery/r-discovery.html,verified: live page + ServiceNowDocs australia branch
CIS-Discovery,1 Pattern Design,Patterns for horizontal discovery,Australia,https://www.servicenow.com/docs/r/australia/it-operations-management/discovery/c-UsingPatternsForHorizontalDiscovery.html,verified: ServiceNowDocs australia branch
CIS-Discovery,4 Readiness,MID Server,Australia,https://www.servicenow.com/docs/r/australia/servicenow-platform/mid-server/mid-server-landing.html,verified: live page + ServiceNowDocs australia branch
CIS-Discovery,3 CMDB,CI Class Manager,Australia,https://www.servicenow.com/docs/r/australia/servicenow-platform/configuration-management-database-cmdb/ci-class-manager-landing-page.html,verified: ServiceNowDocs australia branch
CIS-Discovery,3 CMDB,IRE,Australia,https://www.servicenow.com/docs/r/australia/servicenow-platform/configuration-management-database-cmdb/ire.html,verified: live page + ServiceNowDocs australia branch
CIS-CSM,all,Customer Service Management,Australia,https://www.servicenow.com/docs/r/australia/customer-service-management/c_CustomerServiceManagement.html,verified: live page + ServiceNowDocs australia branch
CIS-CSM,1,Install base,Australia,https://www.servicenow.com/docs/r/australia/customer-service-management/attributes-and-configuration-of-install-base-management.html,verified: live page + ServiceNowDocs australia branch
CIS-CSM,2,Case routing and assignment,Australia,https://www.servicenow.com/docs/r/australia/customer-service-management/configure-case-routing-assignment.html,verified: live page + ServiceNowDocs australia branch
CIS-CSM,3,Case management,Australia,https://www.servicenow.com/docs/r/australia/customer-service-management/case-management.html,verified: live page + ServiceNowDocs australia branch
CIS-CSM,5,Knowledge Management,Australia,https://www.servicenow.com/docs/r/australia/servicenow-platform/knowledge-management/knowledge-management.html,verified: live page + ServiceNowDocs australia branch
CIS-SM,all,Exploring Service Mapping,Australia,https://www.servicenow.com/docs/r/australia/it-operations-management/service-mapping/service-mapping-get-started.html,verified: live page + ServiceNowDocs australia branch
CIS-SM,2,Service Mapping flow,Australia,https://www.servicenow.com/docs/r/australia/it-operations-management/service-mapping/service-mapping-flow.html,verified: live page + ServiceNowDocs australia branch
CIS-SM,2/4,Traffic-based discovery,Australia,https://www.servicenow.com/docs/r/australia/it-operations-management/service-mapping/traffic-based-discovery.html,verified: live page + ServiceNowDocs australia branch
CIS-SM,3,Discovery,Australia,https://www.servicenow.com/docs/r/australia/it-operations-management/discovery/r-discovery.html,verified: live page + ServiceNowDocs australia branch
CIS-SM,5,CI Class Manager,Australia,https://www.servicenow.com/docs/r/australia/servicenow-platform/configuration-management-database-cmdb/ci-class-manager-landing-page.html,verified: ServiceNowDocs australia branch
CIS-SM,5,IRE,Australia,https://www.servicenow.com/docs/r/australia/servicenow-platform/configuration-management-database-cmdb/ire.html,verified: live page + ServiceNowDocs australia branch
CIS-SM,2/6,MID Server,Australia,https://www.servicenow.com/docs/r/australia/servicenow-platform/mid-server/mid-server-landing.html,verified: live page + ServiceNowDocs australia branch
CIS-EM,1,Event Management,Australia,https://www.servicenow.com/docs/r/australia/it-operations-management/event-management/c_EM.html,verified: live page + ServiceNowDocs australia branch
CIS-EM,2,Event Management architecture,Australia,https://www.servicenow.com/docs/r/australia/it-operations-management/event-management/em-architecture.html,verified: live page + ServiceNowDocs australia branch
CIS-EM,3,Event Management process flow,Australia,https://www.servicenow.com/docs/r/australia/it-operations-management/event-management/em-process-flow.html,verified: live page + ServiceNowDocs australia branch
CIS-EM,4,Alert management rules,Australia,https://www.servicenow.com/docs/r/australia/it-operations-management/event-management/alert-management-rule.html,verified: live page + ServiceNowDocs australia branch
CIS-EM,3/5,Connectors,Australia,https://www.servicenow.com/docs/r/australia/it-operations-management/event-management/connectors-and-listeners.html,verified: live page + ServiceNowDocs australia branch
CIS-EM,5,Agent Client Collector monitoring,Australia,https://www.servicenow.com/docs/r/australia/it-operations-management/agent-client-collector/acc-monitoring-landing-page.html,verified: ServiceNowDocs australia branch
CIS-EM,6,Metric Intelligence,Australia,https://www.servicenow.com/docs/r/australia/it-operations-management/metric-intelligence/exploring-metric-intelligence.html,verified: ServiceNowDocs australia branch
CIS-EM,2,MID Server,Australia,https://www.servicenow.com/docs/r/australia/servicenow-platform/mid-server/mid-server-landing.html,verified: live page + ServiceNowDocs australia branch
CIS-HR,1/2,HR Service Delivery,Australia,https://www.servicenow.com/docs/r/australia/employee-service-management/hr-service-delivery/hr-service-delivery.html,verified: live page + ServiceNowDocs australia branch
CIS-HR,3,HR security,Australia,https://www.servicenow.com/docs/r/australia/employee-service-management/hr-service-delivery/hr-security.html,verified: ServiceNowDocs australia branch
CIS-HR,2,Employee Center,Australia,https://www.servicenow.com/docs/r/australia/employee-service-management/employee-experience-foundation/employee-center-landing-page.html,verified: live page + ServiceNowDocs australia branch
CIS-HR,3,Access Control Lists,Australia,https://www.servicenow.com/docs/r/australia/platform-security/access-control/exploring-access-control-list.html,verified: live page + ServiceNowDocs australia branch
CIS-HR,3,Delegated development and deployment,Australia,https://www.servicenow.com/docs/r/australia/application-development/delegated-development-and-deployment/c_DelegatedDevelopment.html,verified: live page + ServiceNowDocs australia branch
CIS-PA,all,Platform Analytics,Australia,https://www.servicenow.com/docs/r/australia/now-intelligence/c_performanceAnalyticsAndReporting.html,verified: live page + ServiceNowDocs australia branch
CIS-PA,2/3,Performance Analytics concepts,Australia,https://www.servicenow.com/docs/r/australia/now-intelligence/performance-analytics/c_PerformanceAnalytics.html,verified: live page + ServiceNowDocs australia branch
CIS-PA,4/6,Configure advanced features (PA data architecture),Australia,https://www.servicenow.com/docs/r/australia/now-intelligence/performance-analytics/c_PADataArchitecture.html,verified: live page + ServiceNowDocs australia branch
CIS-FSM,1,Explore FSM,Australia,https://www.servicenow.com/docs/r/australia/field-service-management/explore-fsm.html,verified: live page + ServiceNowDocs australia branch
CIS-FSM,3,Work orders and tasks,Australia,https://www.servicenow.com/docs/r/australia/field-service-management/work-order-management/setting-up-work-orders-and-tasks.html,verified: live page + ServiceNowDocs australia branch
CIS-FSM,3,Manual dispatch,Australia,https://www.servicenow.com/docs/r/australia/field-service-management/field-service-scheduling/c_DispatchWorkOrderTasks.html,verified: live page + ServiceNowDocs australia branch
CIS-FSM,3,Schedule Optimization,Australia,https://www.servicenow.com/docs/r/australia/field-service-management/field-service-scheduling/schedule-optimization-engine.html,verified: live page + ServiceNowDocs australia branch
CIS-HAM,1,Hardware asset overview,Australia,https://www.servicenow.com/docs/r/australia/it-asset-management/hardware-asset-management/hardware-asset-overview.html,verified: live page + ServiceNowDocs australia branch
CIS-HAM,2,Hardware Model Normalization,Australia,https://www.servicenow.com/docs/r/australia/it-asset-management/hardware-asset-management/hardware-normalization.html,verified: live page + ServiceNowDocs australia branch
CIS-HAM,3,Asset life-cycle automation,Australia,https://www.servicenow.com/docs/r/australia/it-asset-management/hardware-asset-management/asset-lifecycle-automation.html,verified: live page + ServiceNowDocs australia branch
CIS-HAM,3,Import sets,Australia,https://www.servicenow.com/docs/r/australia/integrate-applications/system-import-sets/import-sets-landing-page.html,verified: live page + ServiceNowDocs australia branch
CIS-HAM,2/4,CMDB,Australia,https://www.servicenow.com/docs/r/australia/servicenow-platform/configuration-management-database-cmdb/c_ITILConfigurationManagement.html,verified: live page + ServiceNowDocs australia branch
CIS-RC,3 Entity Framework,Entities (GRC common functions),Australia,https://www.servicenow.com/docs/r/australia/governance-risk-compliance/grc-common-functions/exploring-the-entities.html,verified: ServiceNowDocs australia branch
CIS-RC,4,Policy and Compliance structure,Australia,https://www.servicenow.com/docs/r/australia/governance-risk-compliance/policy-and-compliance-management/pc-structural-overview-policy-comp.html,verified: ServiceNowDocs australia branch
CIS-RC,5,GRC risk overview,Australia,https://www.servicenow.com/docs/r/australia/governance-risk-compliance/grc-risk-management-workspace/grc-risk-overview.html,verified: ServiceNowDocs australia branch
CIS-RC,6,Continuous monitoring,Australia,https://www.servicenow.com/docs/r/australia/governance-risk-compliance/audit-management/continuous-monitoring.html,verified: live page + ServiceNowDocs australia branch
CIS-RC,7,Audit Management,Australia,https://www.servicenow.com/docs/r/australia/governance-risk-compliance/audit-management/audit-management.html,verified: live page + ServiceNowDocs australia branch
CIS-RC,all,GRC release notes (blueprint-linked),Australia,https://www.servicenow.com/docs/r/australia/release-notes/grc-rn-landing.html,verified: live page + ServiceNowDocs australia branch
CIS-SAM,1,SAM overview,Australia,https://www.servicenow.com/docs/r/australia/it-asset-management/software-asset-management/c_SAMOverview.html,verified: live page + ServiceNowDocs australia branch
CIS-SAM,2,Normalization statuses,Australia,https://www.servicenow.com/docs/r/australia/it-asset-management/software-asset-management/normalization-status.html,verified: live page + ServiceNowDocs australia branch
CIS-SAM,3,Software reconciliation,Australia,https://www.servicenow.com/docs/r/australia/it-asset-management/software-asset-management/c_SAMReconciliation.html,verified: live page + ServiceNowDocs australia branch
CIS-SIR,1,Security Operations,Australia,https://www.servicenow.com/docs/r/australia/security-management/security-operations-landing-page.html,verified: live page + ServiceNowDocs australia branch
CIS-SIR,all,Security Incident Response,Australia,https://www.servicenow.com/docs/r/australia/security-management/security-incident-response/sir-landing-page.html,verified: live page + ServiceNowDocs australia branch
CIS-SIR,2,MITRE ATT&CK,Australia,https://www.servicenow.com/docs/r/australia/security-management/about-mitre-attack.html,verified: live page + ServiceNowDocs australia branch
CIS-SP,all,Domain separation for service providers,Australia,https://www.servicenow.com/docs/r/australia/platform-security/domain-sep-landing-page.html,verified: live page + ServiceNowDocs australia branch
CIS-SP,all,Domain separation recommended practices,Australia,https://www.servicenow.com/docs/r/australia/platform-security/bp-domain-sep-recommended.html,verified: live page + ServiceNowDocs australia branch
CIS-SP,4,Import sets,Australia,https://www.servicenow.com/docs/r/australia/integrate-applications/system-import-sets/import-sets-landing-page.html,verified: live page + ServiceNowDocs australia branch
CIS-SPM,7,Portfolio Management,Australia,https://www.servicenow.com/docs/r/australia/it-business-management/portfolio-management/c_PortfolioManagement.html,verified: ServiceNowDocs australia branch
CIS-SPM,5,Project Management,Australia,https://www.servicenow.com/docs/r/australia/it-business-management/project-management/exploring-project-management.html,verified: ServiceNowDocs australia branch
CIS-SPM,3,Resource Management Workspace,Australia,https://www.servicenow.com/docs/r/australia/it-business-management/resource-management/explore-rmw.html,verified: ServiceNowDocs australia branch
CIS-SPM,4,Demand Management,Australia,https://www.servicenow.com/docs/r/australia/it-business-management/demand-management/exploring-demand-management.html,verified: ServiceNowDocs australia branch
CIS-SPM,4,Innovation Management,Australia,https://www.servicenow.com/docs/r/australia/it-business-management/innovation-management/exploring-innovation-management.html,verified: ServiceNowDocs australia branch
CIS-SPM,6,Time Card management,Australia,https://www.servicenow.com/docs/r/australia/it-business-management/time-card-management/time-card-management.html,verified: ServiceNowDocs australia branch
CIS-TPRM,1,Explore TPRM,Australia,https://www.servicenow.com/docs/r/australia/governance-risk-compliance/third-party-risk-management/tprm-exploring.html,verified: live page + ServiceNowDocs australia branch
CIS-TPRM,2,Configuring TPRM,Australia,https://www.servicenow.com/docs/r/australia/governance-risk-compliance/third-party-risk-management/tprm-configuring.html,verified: live page + ServiceNowDocs australia branch
CIS-TPRM,3,External assessments,Australia,https://www.servicenow.com/docs/r/australia/governance-risk-compliance/third-party-risk-management/tprm-create-assessment.html,verified: live page + ServiceNowDocs australia branch
CIS-VR,all,Vulnerability Response,Australia,https://www.servicenow.com/docs/r/australia/security-management/vulnerability-response/vuln-landing-page.html,verified: live page + ServiceNowDocs australia branch
CIS-VR,1,Exploring Vulnerability Response,Australia,https://www.servicenow.com/docs/r/australia/security-management/vulnerability-response/c_VulnerabilityResponse.html,verified: live page + ServiceNowDocs australia branch
CIS-VR,3,VR calculators and rules,Australia,https://www.servicenow.com/docs/r/australia/security-management/vulnerability-response/vuln-calculators-rules.html,verified: live page + ServiceNowDocs australia branch
CIS-VR,1,Security Operations,Australia,https://www.servicenow.com/docs/r/australia/security-management/security-operations-landing-page.html,verified: live page + ServiceNowDocs australia branch
