campaign,ad_group,match_type,keyword,final_url,daily_budget_usd
SNReady | Search | CSA,CSA Practice Exam,Exact,servicenow csa practice exam,https://snready.com/csa/practice-questions,9
SNReady | Search | CSA,CSA Practice Exam,Phrase,servicenow csa practice exam,https://snready.com/csa/practice-questions,9
SNReady | Search | CSA,CSA Practice Exam,Exact,servicenow csa practice test,https://snready.com/csa/practice-questions,9
SNReady | Search | CSA,CSA Practice Exam,Phrase,servicenow csa practice test,https://snready.com/csa/practice-questions,9
SNReady | Search | CSA,CSA Practice Exam,Exact,csa practice questions,https://snready.com/csa/practice-questions,9
SNReady | Search | CSA,CSA Practice Exam,Phrase,csa practice questions,https://snready.com/csa/practice-questions,9
SNReady | Search | CSA,CSA Practice Exam,Exact,certified system administrator practice questions,https://snready.com/csa/practice-questions,9
SNReady | Search | CSA,CSA Practice Exam,Phrase,certified system administrator practice questions,https://snready.com/csa/practice-questions,9
SNReady | Search | CSA,CSA Exam Questions,Exact,servicenow csa exam questions,https://snready.com/csa/practice-questions,9
SNReady | Search | CSA,CSA Exam Questions,Phrase,servicenow csa exam questions,https://snready.com/csa/practice-questions,9
SNReady | Search | CSA,CSA Exam Questions,Exact,csa mock test,https://snready.com/csa/practice-questions,9
SNReady | Search | CSA,CSA Exam Questions,Phrase,csa mock test,https://snready.com/csa/practice-questions,9
SNReady | Search | CSA,CSA Exam Questions,Exact,servicenow administrator certification practice test,https://snready.com/csa/practice-questions,9
SNReady | Search | CSA,CSA Exam Questions,Phrase,servicenow administrator certification practice test,https://snready.com/csa/practice-questions,9
SNReady | Search | CSA,CSA Exam Questions,Exact,certified system administrator mock test,https://snready.com/csa/practice-questions,9
SNReady | Search | CSA,CSA Exam Questions,Phrase,certified system administrator mock test,https://snready.com/csa/practice-questions,9
SNReady | Search | CIS-DF,CIS-DF Practice Exam,Exact,cis-df practice exam,https://snready.com/cis-df/practice-questions,8
SNReady | Search | CIS-DF,CIS-DF Practice Exam,Phrase,cis-df practice exam,https://snready.com/cis-df/practice-questions,8
SNReady | Search | CIS-DF,CIS-DF Practice Exam,Exact,cis-df practice questions,https://snready.com/cis-df/practice-questions,8
SNReady | Search | CIS-DF,CIS-DF Practice Exam,Phrase,cis-df practice questions,https://snready.com/cis-df/practice-questions,8
SNReady | Search | CIS-DF,CIS-DF Practice Exam,Exact,servicenow cis-df practice questions,https://snready.com/cis-df/practice-questions,8
SNReady | Search | CIS-DF,CIS-DF Practice Exam,Phrase,servicenow cis-df practice questions,https://snready.com/cis-df/practice-questions,8
SNReady | Search | CIS-DF,CIS-DF Practice Exam,Exact,data foundations practice exam,https://snready.com/cis-df/practice-questions,8
SNReady | Search | CIS-DF,CIS-DF Practice Exam,Phrase,data foundations practice exam,https://snready.com/cis-df/practice-questions,8
SNReady | Search | CIS-DF,CIS-DF Practice Exam,Exact,certified implementation specialist data foundations practice questions,https://snready.com/cis-df/practice-questions,8
SNReady | Search | CIS-DF,CIS-DF Practice Exam,Phrase,certified implementation specialist data foundations practice questions,https://snready.com/cis-df/practice-questions,8
SNReady | Search | CIS-DF,CIS-DF Exam Questions,Exact,cis-df exam questions,https://snready.com/cis-df/practice-questions,8
SNReady | Search | CIS-DF,CIS-DF Exam Questions,Phrase,cis-df exam questions,https://snready.com/cis-df/practice-questions,8
SNReady | Search | CIS-DF,CIS-DF Exam Questions,Exact,data foundations certification practice test,https://snready.com/cis-df/practice-questions,8
SNReady | Search | CIS-DF,CIS-DF Exam Questions,Phrase,data foundations certification practice test,https://snready.com/cis-df/practice-questions,8
SNReady | Search | CIS-DF,CIS-DF Exam Questions,Exact,cis-df mock test,https://snready.com/cis-df/practice-questions,8
SNReady | Search | CIS-DF,CIS-DF Exam Questions,Phrase,cis-df mock test,https://snready.com/cis-df/practice-questions,8
SNReady | Search | CIS-DF,CIS-DF Exam Questions,Exact,servicenow data foundations exam questions,https://snready.com/cis-df/practice-questions,8
SNReady | Search | CIS-DF,CIS-DF Exam Questions,Phrase,servicenow data foundations exam questions,https://snready.com/cis-df/practice-questions,8
SNReady | Search | CPOA,CPOA Practice Exam,Exact,servicenow cpoa practice exam,https://snready.com/cpoa/practice-questions,5
SNReady | Search | CPOA,CPOA Practice Exam,Phrase,servicenow cpoa practice exam,https://snready.com/cpoa/practice-questions,5
SNReady | Search | CPOA,CPOA Practice Exam,Exact,servicenow cpoa practice test,https://snready.com/cpoa/practice-questions,5
SNReady | Search | CPOA,CPOA Practice Exam,Phrase,servicenow cpoa practice test,https://snready.com/cpoa/practice-questions,5
SNReady | Search | CPOA,CPOA Practice Exam,Exact,cpoa practice questions,https://snready.com/cpoa/practice-questions,5
SNReady | Search | CPOA,CPOA Practice Exam,Phrase,cpoa practice questions,https://snready.com/cpoa/practice-questions,5
SNReady | Search | CPOA,CPOA Practice Exam,Exact,certified product owner agile practice exam,https://snready.com/cpoa/practice-questions,5
SNReady | Search | CPOA,CPOA Practice Exam,Phrase,certified product owner agile practice exam,https://snready.com/cpoa/practice-questions,5
SNReady | Search | CPOA,CPOA Exam Questions,Exact,cpoa exam questions,https://snready.com/cpoa/practice-questions,5
SNReady | Search | CPOA,CPOA Exam Questions,Phrase,cpoa exam questions,https://snready.com/cpoa/practice-questions,5
SNReady | Search | CPOA,CPOA Exam Questions,Exact,cpoa mock test,https://snready.com/cpoa/practice-questions,5
SNReady | Search | CPOA,CPOA Exam Questions,Phrase,cpoa mock test,https://snready.com/cpoa/practice-questions,5
SNReady | Search | CPOA,CPOA Exam Questions,Exact,certified product owner agile practice questions,https://snready.com/cpoa/practice-questions,5
SNReady | Search | CPOA,CPOA Exam Questions,Phrase,certified product owner agile practice questions,https://snready.com/cpoa/practice-questions,5
SNReady | Search | CAD,CAD Practice Exam,Exact,servicenow cad practice exam,https://snready.com/cad/practice-questions,5
SNReady | Search | CAD,CAD Practice Exam,Phrase,servicenow cad practice exam,https://snready.com/cad/practice-questions,5
SNReady | Search | CAD,CAD Practice Exam,Exact,servicenow cad practice test,https://snready.com/cad/practice-questions,5
SNReady | Search | CAD,CAD Practice Exam,Phrase,servicenow cad practice test,https://snready.com/cad/practice-questions,5
SNReady | Search | CAD,CAD Practice Exam,Exact,certified application developer practice test,https://snready.com/cad/practice-questions,5
SNReady | Search | CAD,CAD Practice Exam,Phrase,certified application developer practice test,https://snready.com/cad/practice-questions,5
SNReady | Search | CAD,CAD Exam Questions,Exact,cad exam questions servicenow,https://snready.com/cad/practice-questions,5
SNReady | Search | CAD,CAD Exam Questions,Phrase,cad exam questions servicenow,https://snready.com/cad/practice-questions,5
SNReady | Search | CAD,CAD Exam Questions,Exact,servicenow developer mock test,https://snready.com/cad/practice-questions,5
SNReady | Search | CAD,CAD Exam Questions,Phrase,servicenow developer mock test,https://snready.com/cad/practice-questions,5
SNReady | Search | CAD,CAD Exam Questions,Exact,cad practice questions,https://snready.com/cad/practice-questions,5
SNReady | Search | CAD,CAD Exam Questions,Phrase,cad practice questions,https://snready.com/cad/practice-questions,5
SNReady | Search | CAD,CAD Exam Questions,Exact,certified application developer practice questions,https://snready.com/cad/practice-questions,5
SNReady | Search | CAD,CAD Exam Questions,Phrase,certified application developer practice questions,https://snready.com/cad/practice-questions,5
SNReady | Search | CIS-CSM,CIS-CSM Practice Exam,Exact,cis-csm practice exam,https://snready.com/cis-csm/practice-questions,3
SNReady | Search | CIS-CSM,CIS-CSM Practice Exam,Phrase,cis-csm practice exam,https://snready.com/cis-csm/practice-questions,3
SNReady | Search | CIS-CSM,CIS-CSM Practice Exam,Exact,cis-csm practice questions,https://snready.com/cis-csm/practice-questions,3
SNReady | Search | CIS-CSM,CIS-CSM Practice Exam,Phrase,cis-csm practice questions,https://snready.com/cis-csm/practice-questions,3
SNReady | Search | CIS-CSM,CIS-CSM Practice Exam,Exact,servicenow cis-csm practice exam,https://snready.com/cis-csm/practice-questions,3
SNReady | Search | CIS-CSM,CIS-CSM Practice Exam,Phrase,servicenow cis-csm practice exam,https://snready.com/cis-csm/practice-questions,3
SNReady | Search | CIS-CSM,CIS-CSM Practice Exam,Exact,customer service management practice exam,https://snready.com/cis-csm/practice-questions,3
SNReady | Search | CIS-CSM,CIS-CSM Practice Exam,Phrase,customer service management practice exam,https://snready.com/cis-csm/practice-questions,3
SNReady | Search | CIS-CSM,CIS-CSM Practice Exam,Exact,certified implementation specialist customer service management practice questions,https://snready.com/cis-csm/practice-questions,3
SNReady | Search | CIS-CSM,CIS-CSM Practice Exam,Phrase,certified implementation specialist customer service management practice questions,https://snready.com/cis-csm/practice-questions,3
SNReady | Search | CIS-CSM,CIS-CSM Exam Questions,Exact,servicenow cis-csm exam questions,https://snready.com/cis-csm/practice-questions,3
SNReady | Search | CIS-CSM,CIS-CSM Exam Questions,Phrase,servicenow cis-csm exam questions,https://snready.com/cis-csm/practice-questions,3
SNReady | Search | CIS-CSM,CIS-CSM Exam Questions,Exact,customer service management certification practice test,https://snready.com/cis-csm/practice-questions,3
SNReady | Search | CIS-CSM,CIS-CSM Exam Questions,Phrase,customer service management certification practice test,https://snready.com/cis-csm/practice-questions,3
SNReady | Search | CIS-CSM,CIS-CSM Exam Questions,Exact,cis-csm mock test,https://snready.com/cis-csm/practice-questions,3
SNReady | Search | CIS-CSM,CIS-CSM Exam Questions,Phrase,cis-csm mock test,https://snready.com/cis-csm/practice-questions,3
SNReady | Search | CIS-CSM,CIS-CSM Exam Questions,Exact,customer service management exam questions,https://snready.com/cis-csm/practice-questions,3
SNReady | Search | CIS-CSM,CIS-CSM Exam Questions,Phrase,customer service management exam questions,https://snready.com/cis-csm/practice-questions,3
